insert into Gravadora (id_grav, nome, ender, ender_home) values (1, 'Gravadora A', 'Rua ZZ 345', 'http://www.gravadoraA.com')
insert into Gravadora (id_grav, nome, ender, ender_home) values (2, 'Gravadora B', 'Rua XX 123', 'http://www.gravadoraB.com')
insert into Gravadora (id_grav, nome, ender, ender_home) values (3, 'Gravadora C', 'Rua YY 765', 'http://www.gravadoraC.com')
insert into Gravadora (id_grav, nome, ender, ender_home) values (4, 'Gravadora D', 'Rua UU 581', 'http://www.gravadoraD.com')

insert into telefone (telefone, id_grav) values ('85911112222', 1)
insert into telefone (telefone, id_grav) values ('34452332', 2)
insert into telefone (telefone, id_grav) values ('31155729', 3)
insert into telefone (telefone, id_grav) values ('88922228888', 4)

insert into Album (id_album, descrição, pr_compra, data_compra, data_grav, tipo_compra, meio_fisico, qtd_cds_vinis, id_grav) 
values (1, 'The Best of Jazz', '1500.99', '2011-05-20', '2007-02-08', 'Crédito', 'Download', NULL, 1)
insert into Album (id_album, descrição, pr_compra, data_compra, data_grav, tipo_compra, meio_fisico, qtd_cds_vinis, id_grav)
values (2, 'Opera Masterpiece', '890.99', '2017-09-02', '2017-08-30', 'Dinheiro', 'CD', 1, 2)
insert into Album (id_album, descrição, pr_compra, data_compra, data_grav, tipo_compra, meio_fisico, qtd_cds_vinis, id_grav)
values (3, 'Beautiful Strings', '3200.99', '2020-10-23', '2000-05-15', 'Débito', 'Vinil', 3, 1)
insert into Album (id_album, descrição, pr_compra, data_compra, data_grav, tipo_compra, meio_fisico, qtd_cds_vinis, id_grav)
values (4, 'Camerata de Cordas UFC', '200.90', '2023-01-08', '2022-12-10', 'Crédito', 'Download', NULL, 4)
insert into Album (id_album, descrição, pr_compra, data_compra, data_grav, tipo_compra, meio_fisico, qtd_cds_vinis, id_grav)
values (5, 'Legend Musics', '500.99', '2020-07-29', '2002-10-10', 'Dinheiro', 'CD', 2, 3)

insert into Composicao (id_composicao, descricao, tipo) values (1, 'Composição para orquestras', 'Sinfonia')
insert into Composicao (id_composicao, descricao, tipo) values (2, 'Drama encenado acompanhado de música', 'Ópera')
insert into Composicao (id_composicao, descricao, tipo) values (3, 'Composição para instrumentos solistas', 'Sonata')
insert into Composicao (id_composicao, descricao, tipo) values (4, 'Composição musical para um ou mais instrumentos solistas', 'Concerto')

insert into Faixa (num_faixa, descricao, tipo_gravacao, tempo_exec, id_album, id_composicao) 
values (1, 'FAIXA 1', NULL, 3.10, 4, 2)
insert into Faixa (num_faixa, descricao, tipo_gravacao, tempo_exec, id_album, id_composicao) 
values (35, 'FAIXA 35', 'DDD', 5.22, 2, 3)
insert into Faixa (num_faixa, descricao, tipo_gravacao, tempo_exec, id_album, id_composicao) 
values (15, 'FAIXA 15', 'ADD', 1.56, 5, 2)
insert into Faixa (num_faixa, descricao, tipo_gravacao, tempo_exec, id_album, id_composicao) 
values (200, 'FAIXA 200', NULL, 2.13, 1, 4)
insert into Faixa (num_faixa, descricao, tipo_gravacao, tempo_exec, id_album, id_composicao)
values (3, 'FAIXA 3', 'DDD', 1.55, 2, 1)
insert into Faixa (num_faixa, descricao, tipo_gravacao, tempo_exec, id_album, id_composicao) 
values (125, 'FAIXA 125', NULL, 1.40, 4, 1)
insert into Faixa (num_faixa, descricao, tipo_gravacao, tempo_exec, id_album, id_composicao) 
values (71, 'FAIXA 71', 'ADD', 2.23, 5, 1)
insert into Faixa (num_faixa, descricao, tipo_gravacao, tempo_exec, id_album, id_composicao) 
values (142, 'FAIXA 142', 'ADD', 2.45, 5, 2)
insert into Faixa (num_faixa, descricao, tipo_gravacao, tempo_exec, id_album, id_composicao) 
values (47, 'FAIXA 47', 'DDD', 3.10, 2, 2)
insert into Faixa (num_faixa, descricao, tipo_gravacao, tempo_exec, id_album, id_composicao) 
values (18, 'FAIXA 18', NULL, 2.31, 1, 3)
insert into Faixa (num_faixa, descricao, tipo_gravacao, tempo_exec, id_album, id_composicao) 
values (73, 'FAIXA 73', NULL, 3.17, 4, 2)
insert into Faixa (num_faixa, descricao, tipo_gravacao, tempo_exec, id_album, id_composicao) 
values (16, 'FAIXA 16', NULL, 3.44, 3, 4)
insert into Faixa (num_faixa, descricao, tipo_gravacao, tempo_exec, id_album, id_composicao) 
values (8, 'FAIXA 8', NULL, 4.21, 3, 3)
insert into Faixa (num_faixa, descricao, tipo_gravacao, tempo_exec, id_album, id_composicao) 
values (199, 'FAIXA 199', 'ADD', 4.42, 5, 3)
insert into Faixa (num_faixa, descricao, tipo_gravacao, tempo_exec, id_album, id_composicao) 
values (23, 'FAIXA 23', NULL, 3.12, 3, 2)
insert into Faixa (num_faixa, descricao, tipo_gravacao, tempo_exec, id_album, id_composicao) 
values (111, 'FAIXA 111', 'DDD', 4.03, 2, 3)
insert into Faixa (num_faixa, descricao, tipo_gravacao, tempo_exec, id_album, id_composicao) 
values (101, 'FAIXA 101', NULL, 3.17, 4, 2)
insert into Faixa (num_faixa, descricao, tipo_gravacao, tempo_exec, id_album, id_composicao) 
values (22, 'FAIXA 22', NULL, 3.52, 1, 1)
insert into Faixa (num_faixa, descricao, tipo_gravacao, tempo_exec, id_album, id_composicao) 
values (19, 'FAIXA 19', NULL, 5.56, 1, 4)
insert into Faixa (num_faixa, descricao, tipo_gravacao, tempo_exec, id_album, id_composicao) 
values (188, 'FAIXA 188', NULL, 5.31, 3, 1)
insert into Faixa (num_faixa, descricao, tipo_gravacao, tempo_exec, id_album, id_composicao) 
values (122, 'FAIXA 122', 'ADD', 5.20, 5, 3)
insert into Faixa (num_faixa, descricao, tipo_gravacao, tempo_exec, id_album, id_composicao) 
values (7, 'FAIXA 7', NULL, 1.59, 4, 4)
insert into Faixa (num_faixa, descricao, tipo_gravacao, tempo_exec, id_album, id_composicao) 
values (31, 'FAIXA 31', NULL, 2.37, 3, 1)
insert into Faixa (num_faixa, descricao, tipo_gravacao, tempo_exec, id_album, id_composicao) 
values (38, 'FAIXA 38', 'DDD', 5.08, 2, 1)
insert into Faixa (num_faixa, descricao, tipo_gravacao, tempo_exec, id_album, id_composicao) 
values (91, 'FAIXA 91', 'DDD', 3.02, 2, 2)
insert into Faixa (num_faixa, descricao, tipo_gravacao, tempo_exec, id_album, id_composicao) 
values (202, 'FAIXA 202', 'DDD', 5.20, 5, 4)

insert into Faixa (num_faixa, descricao, tipo_gravacao, tempo_exec, id_album, id_composicao) 
values (215, 'FAIXA 215', 'DDD', 2.20, 5, 4)

/* Para testar trigger add_ddd_null
insert into Faixa (num_faixa, descricao, tipo_gravacao, tempo_exec, id_album, id_composicao) 
values (99, 'FAIXA 99', 'DDD', 3.02, 1, 2)
insert into Faixa (num_faixa, descricao, tipo_gravacao, tempo_exec, id_album, id_composicao) 
values (208, 'FAIXA 208', 'ttt', 3.02, 5, 2)
insert into Faixa (num_faixa, descricao, tipo_gravacao, tempo_exec, id_album, id_composicao) 
values (209, 'FAIXA 209', NULL, 3.02, 5, 2)
*/

insert into Periodo_musical (id_per_musical, descricao, int_tempo_ativo) values (1, 'Idade média', '476 a 1453')
insert into Periodo_musical (id_per_musical, descricao, int_tempo_ativo) values (2, 'Renascença', '1350 a 1600')
insert into Periodo_musical (id_per_musical, descricao, int_tempo_ativo) values (3, 'Barroco', '1562 a 1721')
insert into Periodo_musical (id_per_musical, descricao, int_tempo_ativo) values (4, 'Clássico', '1730 a 1820')
insert into Periodo_musical (id_per_musical, descricao, int_tempo_ativo) values (5, 'Romântico', '1810 a 1910')
insert into Periodo_musical (id_per_musical, descricao, int_tempo_ativo) values (6, 'Moderno', '1910 a 1920')
    
insert into Interprete (id_interp, nome, tipo) values (1, 'Orquestra Filarmônica Moderna Brasileira', 'Orquestra')
insert into Interprete (id_interp, nome, tipo) values (2, 'Tamba Trio', 'Trio')
insert into Interprete (id_interp, nome, tipo) values (3, 'Quarteto de Cordas', 'Quarteto')
insert into Interprete (id_interp, nome, tipo) values (4, 'Orquestra Filarmônica Jalisco', 'Ensemble')
insert into Interprete (id_interp, nome, tipo) values (5, 'Montserrat Caballé', 'Soprano')
insert into Interprete (id_interp, nome, tipo) values (6, 'George London', 'Tenor')

insert into Compositor (id_compositor, nome, cidade_nasc, pais_nasc, data_nasc, data_morte, id_per_musical) 
values (1, 'Luis Rodrigo', 'Fortaleza', 'Brasil', '1985-03-15', NULL, 6)
insert into Compositor (id_compositor, nome, cidade_nasc, pais_nasc, data_nasc, data_morte, id_per_musical) 
values (2, 'John Brewton', 'London', 'Inglaterra', '1680-02-11', '1720-01-24', 3)
insert into Compositor (id_compositor, nome, cidade_nasc, pais_nasc, data_nasc, data_morte, id_per_musical) 
values (3, 'Giorgia', 'Napoli', 'Italy', '1992-07-12', NULL, 2)
insert into Compositor (id_compositor, nome, cidade_nasc, pais_nasc, data_nasc, data_morte, id_per_musical) 
values (4, 'Manon', 'Annecy', 'França', '1978-05-07', '2018-03-28', 5)
insert into Compositor (id_compositor, nome, cidade_nasc, pais_nasc, data_nasc, data_morte, id_per_musical) 
values (5, 'Javier Hernandez', 'Valência', 'Espanhol', '1515-10-08', '1582-05-03', 2)
insert into Compositor (id_compositor, nome, cidade_nasc, pais_nasc, data_nasc, data_morte, id_per_musical) 
values (6, 'Daniel Romero', 'Salamanca', 'Espanhol', '1960-08-22', NULL, 6)
insert into Compositor (id_compositor, nome, cidade_nasc, pais_nasc, data_nasc, data_morte, id_per_musical) 
values (7, 'Alexandra Dominic', 'Liverpool', 'Inglaterra', '1200-06-11', '1291-06-03', 1)
insert into Compositor (id_compositor, nome, cidade_nasc, pais_nasc, data_nasc, data_morte, id_per_musical) 
values (8, 'Peter Smith', 'Boston', 'Estados Unidos', '1989-12-10', NULL, 4)
insert into Compositor (id_compositor, nome, cidade_nasc, pais_nasc, data_nasc, data_morte, id_per_musical)
VALUES (9, 'Antonín Dvorack', 'Nelahozeves', 'Republica Tcheca', '1841-09-08', '1904-05-01', 3);

insert into Faixa_Compositor (num_faixa, id_compositor) values (1, 3)
insert into Faixa_Compositor (num_faixa, id_compositor) values (35, 4)
insert into Faixa_Compositor (num_faixa, id_compositor) values (15, 3)
insert into Faixa_Compositor (num_faixa, id_compositor) values (200, 1)
insert into Faixa_Compositor (num_faixa, id_compositor) values (3, 1)
insert into Faixa_Compositor (num_faixa, id_compositor) values (111, 2)
insert into Faixa_Compositor (num_faixa, id_compositor) values (71, 7)
insert into Faixa_Compositor (num_faixa, id_compositor) values (142, 8)
insert into Faixa_Compositor (num_faixa, id_compositor) values (47, 9)
insert into Faixa_Compositor (num_faixa, id_compositor) values (18, 6)
insert into Faixa_Compositor (num_faixa, id_compositor) values (73, 3)
insert into Faixa_Compositor (num_faixa, id_compositor) values (16, 6)
insert into Faixa_Compositor (num_faixa, id_compositor) values (8, 7)
insert into Faixa_Compositor (num_faixa, id_compositor) values (199, 5)
insert into Faixa_Compositor (num_faixa, id_compositor) values (23, 4)
insert into Faixa_Compositor (num_faixa, id_compositor) values (125, 1)
insert into Faixa_Compositor (num_faixa, id_compositor) values (101, 8)
insert into Faixa_Compositor (num_faixa, id_compositor) values (38, 2)
insert into Faixa_Compositor (num_faixa, id_compositor) values (19, 7)
insert into Faixa_Compositor (num_faixa, id_compositor) values (188, 8)
insert into Faixa_Compositor (num_faixa, id_compositor) values (122, 3)
insert into Faixa_Compositor (num_faixa, id_compositor) values (7, 4)
insert into Faixa_Compositor (num_faixa, id_compositor) values (31, 5)
insert into Faixa_Compositor (num_faixa, id_compositor) values (91, 9)
insert into Faixa_Compositor (num_faixa, id_compositor) values (22, 7)
insert into Faixa_Compositor (num_faixa, id_compositor) values (202, 9)

--Para testar trigger de barroco_ddd
--insert into Faixa_Compositor (num_faixa, id_compositor) values (125, 2) 


insert into Playlist (id_play, nome, data_criacao, tempo_exec) values (1, 'Playlist A', '2018-03-12', 0)
insert into Playlist (id_play, nome, data_criacao, tempo_exec) values (2, 'Playlist B', '2018-07-28', 0)
insert into Playlist (id_play, nome, data_criacao, tempo_exec) values (3, 'Playlist C', '2023-12-02', 0)
insert into Playlist (id_play, nome, data_criacao, tempo_exec) values (4, 'Playlist D', '2019-10-19', 0)

/*
insert into Faixa_Playlist (data_ultima_tocada, qtd_tocada, id_play, num_faixa) values ('2023-10-02', 22, 2, 1)
insert into Faixa_Playlist (data_ultima_tocada, qtd_tocada, id_play, num_faixa) values ('2022-03-10', 49, 1, 35)
insert into Faixa_Playlist (data_ultima_tocada, qtd_tocada, id_play, num_faixa) values ('2022-11-08', 77, 1, 15)
insert into Faixa_Playlist (data_ultima_tocada, qtd_tocada, id_play, num_faixa) values ('2023-08-23', 11, 4, 200)
insert into Faixa_Playlist (data_ultima_tocada, qtd_tocada, id_play, num_faixa) values ('2018-01-14', 51, 3, 3)
insert into Faixa_Playlist (data_ultima_tocada, qtd_tocada, id_play, num_faixa) values ('2018-07-03', 3, 4, 111)
insert into Faixa_Playlist (data_ultima_tocada, qtd_tocada, id_play, num_faixa) values ('2023-12-01', 92, 2, 71)
insert into Faixa_Playlist (data_ultima_tocada, qtd_tocada, id_play, num_faixa) values ('2019-09-13', 13, 1, 142)
insert into Faixa_Playlist (data_ultima_tocada, qtd_tocada, id_play, num_faixa) values ('2021-05-01', 16, 3, 47)
insert into Faixa_Playlist (data_ultima_tocada, qtd_tocada, id_play, num_faixa) values ('2021-10-28', 68, 2, 18)
insert into Faixa_Playlist (data_ultima_tocada, qtd_tocada, id_play, num_faixa) values ('2017-03-20', 61, 3, 73)
insert into Faixa_Playlist (data_ultima_tocada, qtd_tocada, id_play, num_faixa) values ('2023-09-11', 12, 1, 16)
insert into Faixa_Playlist (data_ultima_tocada, qtd_tocada, id_play, num_faixa) values ('2021-10-28', 35, 1, 8)
insert into Faixa_Playlist (data_ultima_tocada, qtd_tocada, id_play, num_faixa) values ('2022-02-05', 9, 2, 199)
insert into Faixa_Playlist (data_ultima_tocada, qtd_tocada, id_play, num_faixa) values ('2022-08-09', 49, 4, 23)
insert into Faixa_Playlist (data_ultima_tocada, qtd_tocada, id_play, num_faixa) values ('2018-12-14', 31, 3, 125)
insert into Faixa_Playlist (data_ultima_tocada, qtd_tocada, id_play, num_faixa) values ('2019-03-28', 82, 4, 101)
insert into Faixa_Playlist (data_ultima_tocada, qtd_tocada, id_play, num_faixa) values ('2019-01-17', 25, 2, 38)
insert into Faixa_Playlist (data_ultima_tocada, qtd_tocada, id_play, num_faixa) values ('2021-01-22', 76, 3, 19)
*/

insert into Faixa_Interprete (num_faixa, id_interp) values (1, 3)
insert into Faixa_Interprete (num_faixa, id_interp) values (35, 5)
insert into Faixa_Interprete (num_faixa, id_interp) values (15, 1)
insert into Faixa_Interprete (num_faixa, id_interp) values (200, 1)
insert into Faixa_Interprete (num_faixa, id_interp) values (3, 6)
insert into Faixa_Interprete (num_faixa, id_interp) values (125, 2)
insert into Faixa_Interprete (num_faixa, id_interp) values (71, 4)
insert into Faixa_Interprete (num_faixa, id_interp) values (142, 2)
insert into Faixa_Interprete (num_faixa, id_interp) values (47, 4)
insert into Faixa_Interprete (num_faixa, id_interp) values (18, 3)
insert into Faixa_Interprete (num_faixa, id_interp) values (73, 5)
insert into Faixa_Interprete (num_faixa, id_interp) values (16, 1)
insert into Faixa_Interprete (num_faixa, id_interp) values (8, 6)
insert into Faixa_Interprete (num_faixa, id_interp) values (199, 3)
insert into Faixa_Interprete (num_faixa, id_interp) values (23, 2)
insert into Faixa_Interprete (num_faixa, id_interp) values (111, 1)
insert into Faixa_Interprete (num_faixa, id_interp) values (101, 3)
insert into Faixa_Interprete (num_faixa, id_interp) values (22, 5)
insert into Faixa_Interprete (num_faixa, id_interp) values (19, 1)
insert into Faixa_Interprete (num_faixa, id_interp) values (188, 4)
insert into Faixa_Interprete (num_faixa, id_interp) values (122, 6)
insert into Faixa_Interprete (num_faixa, id_interp) values (7, 2)
insert into Faixa_Interprete (num_faixa, id_interp) values (31, 2)
insert into Faixa_Interprete (num_faixa, id_interp) values (38, 6)
insert into Faixa_Interprete (num_faixa, id_interp) values (91, 4)